{
  "project_info": {
    "project_number": "1088482665004",
    "firebase_url": "https://hello-ccc7c.firebaseio.com",
    "project_id": "hello-ccc7c",
    "storage_bucket": "hello-ccc7c.appspot.com"
  },
  "client": [
    {
      "client_info": {
        "mobilesdk_app_id": "1:1088482665004:android:c41b1b6c9cac1348",
        "android_client_info": {
          "package_name": "com.example.hello.hello"
        }
      },
      "oauth_client": [
        {
          "client_id": "1088482665004-gbpqo25k440djiddg2nv420nj114924k.apps.googleusercontent.com",
          "client_type": 1,
          "android_info": {
            "package_name": "com.example.hello.hello",
            "certificate_hash": "a1ef38341f9246f844b32a6cb60f034150a8f659"
          }
        },
        {
          "client_id": "1088482665004-bb9p744ok9821qi969jafaip1ssr3n7p.apps.googleusercontent.com",
          "client_type": 3
        }
      ],
      "api_key": [
        {
          "current_key": "AIzaSyCv0W8YrkLiViAjAiA4ImfQrl4KFArnrAI"
        }
      ],
      "services": {
        "analytics_service": {
          "status": 1
        },
        "appinvite_service": {
          "status": 2,
          "other_platform_oauth_client": [
            {
              "client_id": "1088482665004-bb9p744ok9821qi969jafaip1ssr3n7p.apps.googleusercontent.com",
              "client_type": 3
            }
          ]
        },
        "ads_service": {
          "status": 2
        }
      }
    }
  ],
  "configuration_version": "1"
}